Id,Name,Shape Library,Page ID,Contained By,Group,Line Source,Line Destination,Source Arrow,Destination Arrow,Status,Text Area 1,Text Area 2,Text Area 3,Text Area 4,Text Area 5,Text Area 6,Text Area 7,Text Area 8,Text Area 9,Text Area 10,Text Area 11,Text Area 12,Text Area 13,Text Area 14,Text Area 15,Text Area 16,Text Area 17,Text Area 18,Text Area 19,Text Area 20,Text Area 21,Text Area 22,Text Area 23,Text Area 24,Text Area 25,Text Area 26,Text Area 27,Text Area 28,Text Area 29,Text Area 30,Text Area 31,Text Area 32,Text Area 33,Text Area 34,Text Area 35,Text Area 36,Text Area 37,Text Area 38,Text Area 39,Text Area 40,Text Area 41,Text Area 42,Text Area 43,Comments
1,Document,,,,,,,,,Draft,annual challenge 2026,,,,,,,,,,,,,,,,,,,,,,,,,,,,,,,,,,,,,,,,,,,
2,Page,,,,,,,,,,2026 goals,,,,,,,,,,,,,,,,,,,,,,,,,,,,,,,,,,,,,,,,,,,
3,Block Timeline,Timeline,2,28:12,,,,,,,,,,,,,,,,,,,,,,,,,,,,,,,,,,,,,,,,,,,,,,,,,,
4,Block Timeline,Timeline,2,28:3,,,,,,,,,,,,,,,,,,,,,,,,,,,,,,,,,,,,,,,,,,,,,,,,,,
5,Block Timeline,Timeline,2,28:1,,,,,,,,,,,,,,,,,,,,,,,,,,,,,,,,,,,,,,,,,,,,,,,,,,
6,Block Timeline,Timeline,2,28:5,,,,,,,,,,,,,,,,,,,,,,,,,,,,,,,,,,,,,,,,,,,,,,,,,,
7,Block Timeline,Timeline,2,28:7,,,,,,,,,,,,,,,,,,,,,,,,,,,,,,,,,,,,,,,,,,,,,,,,,,
8,Block Timeline,Timeline,2,28:8,,,,,,,,,,,,,,,,,,,,,,,,,,,,,,,,,,,,,,,,,,,,,,,,,,
9,Block Timeline,Timeline,2,28:4,,,,,,,,,,,,,,,,,,,,,,,,,,,,,,,,,,,,,,,,,,,,,,,,,,
10,Block Timeline,Timeline,2,28:6,,,,,,,,,,,,,,,,,,,,,,,,,,,,,,,,,,,,,,,,,,,,,,,,,,
11,Block Timeline,Timeline,2,,,,,,,,1/1,12/31,2/1,3/1,4/1,5/1,6/1,7/1,8/1,9/1,10/1,11/1,12/1,,,,,,,,,,,,,,,,,,,,,,,,,,,,,,,
12,Block Timeline,Timeline,2,28:9,,,,,,,,,,,,,,,,,,,,,,,,,,,,,,,,,,,,,,,,,,,,,,,,,,
13,Block Timeline,Timeline,2,28:10,,,,,,,,,,,,,,,,,,,,,,,,,,,,,,,,,,,,,,,,,,,,,,,,,,
14,Block Timeline,Timeline,2,28:2,,,,,,,,,,,,,,,,,,,,,,,,,,,,,,,,,,,,,,,,,,,,,,,,,,
15,Block,Standard,2,,,,,,,,2026 Research Goals,,,,,,,,,,,,,,,,,,,,,,,,,,,,,,,,,,,,,,,,,,,
16,Block,Standard,2,,70,,,,,,01,,,,,,,,,,,,,,,,,,,,,,,,,,,,,,,,,,,,,,,,,,,
17,Block,Standard,2,,70,,,,,,02,,,,,,,,,,,,,,,,,,,,,,,,,,,,,,,,,,,,,,,,,,,
18,Block,Standard,2,,70,,,,,,03,,,,,,,,,,,,,,,,,,,,,,,,,,,,,,,,,,,,,,,,,,,
19,Block,Standard,2,,70,,,,,,04,,,,,,,,,,,,,,,,,,,,,,,,,,,,,,,,,,,,,,,,,,,
20,Block,Standard,2,,70,,,,,,05,,,,,,,,,,,,,,,,,,,,,,,,,,,,,,,,,,,,,,,,,,,
21,Block,Standard,2,,70,,,,,,06,,,,,,,,,,,,,,,,,,,,,,,,,,,,,,,,,,,,,,,,,,,
22,Block,Standard,2,,70,,,,,,07,,,,,,,,,,,,,,,,,,,,,,,,,,,,,,,,,,,,,,,,,,,
23,Block,Standard,2,,70,,,,,,08,,,,,,,,,,,,,,,,,,,,,,,,,,,,,,,,,,,,,,,,,,,
24,Block,Standard,2,,70,,,,,,09,,,,,,,,,,,,,,,,,,,,,,,,,,,,,,,,,,,,,,,,,,,
25,Block,Standard,2,,70,,,,,,10,,,,,,,,,,,,,,,,,,,,,,,,,,,,,,,,,,,,,,,,,,,
26,Block,Standard,2,,70,,,,,,11,,,,,,,,,,,,,,,,,,,,,,,,,,,,,,,,,,,,,,,,,,,
27,Block,Standard,2,,70,,,,,,12,,,,,,,,,,,,,,,,,,,,,,,,,,,,,,,,,,,,,,,,,,,
28,Swim lane,Flowchart Shapes/Containers,2,,70,,,,,,I ,petition quality,K-petition,language,grassroot funding,VBM trust,affective polar.,ideology mismatch,data trust book,VR attrition,rankingQ package CRAN,discrete measure error,epistemic,reshoring,,,,,,,,,,,,,,,,,,,,,,,,,,,,,,
29,Block,Standard,2,,70,,,,,,13,,,,,,,,,,,,,,,,,,,,,,,,,,,,,,,,,,,,,,,,,,,
30,Block,Standard,2,,,,,,,,"Seo-young Silvia Kim  |  February 12, 2026",,,,,,,,,,,,,,,,,,,,,,,,,,,,,,,,,,,,,,,,,,,
31,Interval,Timeline,2,28:9,,,,,,,finish revision,3/17 - 5/30,,,,,,,,,,,,,,,,,,,,,,,,,,,,,,,,,,,,,,,,,,
32,Interval,Timeline,2,28:9,,,,,,,submit,6/1 - 6/30,,,,,,,,,,,,,,,,,,,,,,,,,,,,,,,,,,,,,,,,,,
33,Block,Standard,2,,,,,,,,"Q1 
(student coauthor projects)
reshoring submit
ideologies submit
grassroots submit to PoBE
language prereg + IRB
epistemic analyze + writeup
discrete intro + theory
restart VFProject",,,,,,,,,,,,,,,,,,,,,,,,,,,,,,,,,,,,,,,,,,,
34,Interval,Timeline,2,28:9,,,,,,,refactor old code + rerun with new data,1/26 - 3/16,,,,,,,,,,,,,,,,,,,,,,,,,,,,,,,,,,,,,,,,,,
35,Interval,Timeline,2,28:4,,,,,,,lit review fix + resubmit,2/16 - 4/10,,,,,,,,,,,,,,,,,,,,,,,,,,,,,,,,,,,,,,,,,,
36,Interval,Timeline,2,28:3,,,,,,,analyze data,5/15 - 6/28,,,,,,,,,,,,,,,,,,,,,,,,,,,,,,,,,,,,,,,,,,
37,Interval,Timeline,2,28:3,,,,,,,survey firm contact + launch survey,3/21 - 5/14,,,,,,,,,,,,,,,,,,,,,,,,,,,,,,,,,,,,,,,,,,
38,Interval,Timeline,2,28:3,,,,,,,lit review + frame/design + IRB,1/2 - 3/20,,,,,,,,,,,,,,,,,,,,,,,,,,,,,,,,,,,,,,,,,,
39,Interval,Timeline,2,28:8,,,,,,,continue writing,4/23 - 9/12,,,,,,,,,,,,,,,,,,,,,,,,,,,,,,,,,,,,,,,,,,
40,Interval,Timeline,2,28:7,,,,,,,revise + submit,1/21 - 3/11,,,,,,,,,,,,,,,,,,,,,,,,,,,,,,,,,,,,,,,,,,
41,Block,Standard,2,,,,,,,,"Q2 
rankingQ CRAN submit
discrete IRB
language survey launch
epistemic submit
VR attribution replicate + expand
K-petition analyze",,,,,,,,,,,,,,,,,,,,,,,,,,,,,,,,,,,,,,,,,,,
42,Block,Standard,2,,,,,,,,"Q3 
discrete survey launch
language analyze and first draft
VR attrition submit
VBM trust restart and submit
K-petition first draft",,,,,,,,,,,,,,,,,,,,,,,,,,,,,,,,,,,,,,,,,,,
43,Block,Standard,2,,,,,,,,"Q4 
discrete first draft",,,,,,,,,,,,,,,,,,,,,,,,,,,,,,,,,,,,,,,,,,,
44,Interval,Timeline,2,28:2,,,,,,,"analyze survey + first draft 
+ ASPA presentation",2/5 - 4/29,,,,,,,,,,,,,,,,,,,,,,,,,,,,,,,,,,,,,,,,,,
45,Block,Standard,2,,,,,,,, Under review,,,,,,,,,,,,,,,,,,,,,,,,,,,,,,,,,,,,,,,,,,,
46,Block Timeline,Timeline,2,28:11,,,,,,,,,,,,,,,,,,,,,,,,,,,,,,,,,,,,,,,,,,,,,,,,,,
47,Interval,Timeline,2,28:12,,,,,,,revise and present for SNU-Princeton + APSA,5/20 - 9/14,,,,,,,,,,,,,,,,,,,,,,,,,,,,,,,,,,,,,,,,,,
48,Interval,Timeline,2,28:11,,,,,,,"lit review, framing, theory",1/16 - 3/21,,,,,,,,,,,,,,,,,,,,,,,,,,,,,,,,,,,,,,,,,,
49,Interval,Timeline,2,28:11,,,,,,,survey design + IRB,3/22 - 5/29,,,,,,,,,,,,,,,,,,,,,,,,,,,,,,,,,,,,,,,,,,
50,Interval,Timeline,2,28:11,,,,,,,launch survey,5/30 - 7/7,,,,,,,,,,,,,,,,,,,,,,,,,,,,,,,,,,,,,,,,,,
51,Interval,Timeline,2,28:11,,,,,,,first draft,7/8 - 8/14,,,,,,,,,,,,,,,,,,,,,,,,,,,,,,,,,,,,,,,,,,
52,Interval,Timeline,2,28:12,,,,,,,SWERP presentation,3/16 - 5/19,,,,,,,,,,,,,,,,,,,,,,,,,,,,,,,,,,,,,,,,,,
53,Interval,Timeline,2,28:12,,,,,,,initial analyze + first draft,1/2 - 3/15,,,,,,,,,,,,,,,,,,,,,,,,,,,,,,,,,,,,,,,,,,
54,Process,Flowchart Shapes/Containers,2,28:10,,,,,,,  ,,,,,,,,,,,,,,,,,,,,,,,,,,,,,,,,,,,,,,,,,,,
55,Process,Flowchart Shapes/Containers,2,28:1,,,,,,,  ,,,,,,,,,,,,,,,,,,,,,,,,,,,,,,,,,,,,,,,,,,,
56,Process,Flowchart Shapes/Containers,2,28:8,,,,,,,  ,,,,,,,,,,,,,,,,,,,,,,,,,,,,,,,,,,,,,,,,,,,
57,DividerBlock,,2,28:7,,,,,,,,,,,,,,,,,,,,,,,,,,,,,,,,,,,,,,,,,,,,,,,,,,
58,Process,Flowchart Shapes/Containers,2,28:6,,,,,,,  ,,,,,,,,,,,,,,,,,,,,,,,,,,,,,,,,,,,,,,,,,,,
59,Block Timeline,Timeline,2,28:13,,,,,,,,,,,,,,,,,,,,,,,,,,,,,,,,,,,,,,,,,,,,,,,,,,
60,Process,Flowchart Shapes/Containers,2,28:5,,,,,,,  ,,,,,,,,,,,,,,,,,,,,,,,,,,,,,,,,,,,,,,,,,,,
61,Interval,Timeline,2,28:13,,,,,,,github setup + replication +  check fuzzy matching,1/21 - 3/15,,,,,,,,,,,,,,,,,,,,,,,,,,,,,,,,,,,,,,,,,,
62,Interval,Timeline,2,28:13,,,,,,,submit,4/16 - 5/15,,,,,,,,,,,,,,,,,,,,,,,,,,,,,,,,,,,,,,,,,,
63,Interval,Timeline,2,28:13,,,,,,,revision,3/16 - 4/15,,,,,,,,,,,,,,,,,,,,,,,,,,,,,,,,,,,,,,,,,,
64,Block,Standard,2,,,,,,,,,,,,,,,,,,,,,,,,,,,,,,,,,,,,,,,,,,,,,,,,,,,
65,Block,Standard,2,,,,,,,," Inactive; 
 must restart",,,,,,,,,,,,,,,,,,,,,,,,,,,,,,,,,,,,,,,,,,,
66,Block,Standard,2,,,,,,,," Inactive; 
 must restart",,,,,,,,,,,,,,,,,,,,,,,,,,,,,,,,,,,,,,,,,,,
67,Block,Standard,2,,,,,,,," last week 
 of Feb?",,,,,,,,,,,,,,,,,,,,,,,,,,,,,,,,,,,,,,,,,,,
68,Block,Standard,2,,,,,,,," Resume after
 quality paper 
 is done",,,,,,,,,,,,,,,,,,,,,,,,,,,,,,,,,,,,,,,,,,,
69,Line,,2,,,,,None,None,,,,,,,,,,,,,,,,,,,,,,,,,,,,,,,,,,,,,,,,,,,,,
70,Group 1,,2,,,,,,,,,,,,,,,,,,,,,,,,,,,,,,,,,,,,,,,,,,,,,,,,,,,
71,Page,,,,,,,,,,2025 goals,,,,,,,,,,,,,,,,,,,,,,,,,,,,,,,,,,,,,,,,,,,
72,Block Timeline,Timeline,71,102:3,,,,,,,,,,,,,,,,,,,,,,,,,,,,,,,,,,,,,,,,,,,,,,,,,,
73,Process,Flowchart Shapes/Containers,71,102:3,,,,,,,  ,,,,,,,,,,,,,,,,,,,,,,,,,,,,,,,,,,,,,,,,,,,
74,Block Timeline,Timeline,71,102:1,,,,,,,,,,,,,,,,,,,,,,,,,,,,,,,,,,,,,,,,,,,,,,,,,,
75,Block Timeline,Timeline,71,102:5,,,,,,,,,,,,,,,,,,,,,,,,,,,,,,,,,,,,,,,,,,,,,,,,,,
76,Block Timeline,Timeline,71,102:7,,,,,,,,,,,,,,,,,,,,,,,,,,,,,,,,,,,,,,,,,,,,,,,,,,
77,Block Timeline,Timeline,71,102:8,,,,,,,,,,,,,,,,,,,,,,,,,,,,,,,,,,,,,,,,,,,,,,,,,,
78,Block Timeline,Timeline,71,102:4,,,,,,,,,,,,,,,,,,,,,,,,,,,,,,,,,,,,,,,,,,,,,,,,,,
79,Block Timeline,Timeline,71,,,,,,,,1/1,12/31,2/1,3/1,4/1,5/1,6/1,7/1,8/1,9/1,10/1,11/1,12/1,,,,,,,,,,,,,,,,,,,,,,,,,,,,,,,
80,Block Timeline,Timeline,71,102:6,,,,,,,,,,,,,,,,,,,,,,,,,,,,,,,,,,,,,,,,,,,,,,,,,,
81,Block Timeline,Timeline,71,102:9,,,,,,,,,,,,,,,,,,,,,,,,,,,,,,,,,,,,,,,,,,,,,,,,,,
82,Block Timeline,Timeline,71,102:10,,,,,,,,,,,,,,,,,,,,,,,,,,,,,,,,,,,,,,,,,,,,,,,,,,
83,Block Timeline,Timeline,71,102:2,,,,,,,,,,,,,,,,,,,,,,,,,,,,,,,,,,,,,,,,,,,,,,,,,,
84,Block,Standard,71,,,,,,,,,,,,,,,,,,,,,,,,,,,,,,,,,,,,,,,,,,,,,,,,,,,
85,Block,Standard,71,,,,,,,,,,,,,,,,,,,,,,,,,,,,,,,,,,,,,,,,,,,,,,,,,,,
86,Block,Standard,71,,,,,,,,2026 Research Goals,,,,,,,,,,,,,,,,,,,,,,,,,,,,,,,,,,,,,,,,,,,
87,Block,Standard,71,,,,,,,,"Silvia Kim  |  February 12, 2026",,,,,,,,,,,,,,,,,,,,,,,,,,,,,,,,,,,,,,,,,,,
88,Block,Standard,71,,,,,,,,"Winter 
grassroots paper edit
fringe paper revise and submit (accepted!)",,,,,,,,,,,,,,,,,,,,,,,,,,,,,,,,,,,,,,,,,,,
89,Block,Standard,71,,,,,,,,,,,,,,,,,,,,,,,,,,,,,,,,,,,,,,,,,,,,,,,,,,,
90,Block,Standard,71,,141,,,,,,01,,,,,,,,,,,,,,,,,,,,,,,,,,,,,,,,,,,,,,,,,,,
91,Block,Standard,71,,141,,,,,,02,,,,,,,,,,,,,,,,,,,,,,,,,,,,,,,,,,,,,,,,,,,
92,Block,Standard,71,,141,,,,,,03,,,,,,,,,,,,,,,,,,,,,,,,,,,,,,,,,,,,,,,,,,,
93,Block,Standard,71,,141,,,,,,04,,,,,,,,,,,,,,,,,,,,,,,,,,,,,,,,,,,,,,,,,,,
94,Block,Standard,71,,141,,,,,,05,,,,,,,,,,,,,,,,,,,,,,,,,,,,,,,,,,,,,,,,,,,
95,Block,Standard,71,,141,,,,,,06,,,,,,,,,,,,,,,,,,,,,,,,,,,,,,,,,,,,,,,,,,,
96,Block,Standard,71,,141,,,,,,07,,,,,,,,,,,,,,,,,,,,,,,,,,,,,,,,,,,,,,,,,,,
97,Block,Standard,71,,141,,,,,,08,,,,,,,,,,,,,,,,,,,,,,,,,,,,,,,,,,,,,,,,,,,
98,Block,Standard,71,,141,,,,,,09,,,,,,,,,,,,,,,,,,,,,,,,,,,,,,,,,,,,,,,,,,,
99,Block,Standard,71,,141,,,,,,10,,,,,,,,,,,,,,,,,,,,,,,,,,,,,,,,,,,,,,,,,,,
100,Block,Standard,71,,141,,,,,,11,,,,,,,,,,,,,,,,,,,,,,,,,,,,,,,,,,,,,,,,,,,
101,Block,Standard,71,,141,,,,,,12,,,,,,,,,,,,,,,,,,,,,,,,,,,,,,,,,,,,,,,,,,,
102,Swim lane,Flowchart Shapes/Containers,71,,141,,,,,,,petition quality,K-petition,fringe,grassroot funding,VBM trust,affective polar.,ideology mismatch,data trust book,VR attrition,vote methods,discrete measure error,epistemic,,,,,,,,,,,,,,,,,,,,,,,,,,,,,,,
103,Interval,Timeline,71,102:9,,,,,,,delegate to Bernard's RA,9/2 - 12/31,,,,,,,,,,,,,,,,,,,,,,,,,,,,,,,,,,,,,,,,,,
104,Interval,Timeline,71,102:7,,,,,,,new analysis + text,7/8 - 8/30,,,,,,,,,,,,,,,,,,,,,,,,,,,,,,,,,,,,,,,,,,
105,Interval,Timeline,71,102:7,,,,,,,change method?,5/17 - 7/7,,,,,,,,,,,,,,,,,,,,,,,,,,,,,,,,,,,,,,,,,,
106,Interval,Timeline,71,102:8,,,,,,,continue writing,4/23 - 9/12,,,,,,,,,,,,,,,,,,,,,,,,,,,,,,,,,,,,,,,,,,
107,Interval,Timeline,71,102:3,,,,,,,R&R,4/14 - 6/5,,,,,,,,,,,,,,,,,,,,,,,,,,,,,,,,,,,,,,,,,,
108,Interval,Timeline,71,102:6,,,,,,,reject! resubmit,11/17 - 12/22,,,,,,,,,,,,,,,,,,,,,,,,,,,,,,,,,,,,,,,,,,
109,Interval,Timeline,71,102:6,,,,,,,heavy revision + submit,9/4 - 10/9,,,,,,,,,,,,,,,,,,,,,,,,,,,,,,,,,,,,,,,,,,
110,Interval,Timeline,71,102:7,,,,,,,revise + submit,11/12 - 12/31,,,,,,,,,,,,,,,,,,,,,,,,,,,,,,,,,,,,,,,,,,
111,Interval,Timeline,71,102:7,,,,,,,advise the writeup + revise,1/6 - 5/14,,,,,,,,,,,,,,,,,,,,,,,,,,,,,,,,,,,,,,,,,,
112,Interval,Timeline,71,102:2,,,,,,,select petitions,5/14 - 7/2,,,,,,,,,,,,,,,,,,,,,,,,,,,,,,,,,,,,,,,,,,
113,Interval,Timeline,71,102:5,,,,,,,revision and submit,2/4 - 4/10,,,,,,,,,,,,,,,,,,,,,,,,,,,,,,,,,,,,,,,,,,
114,Interval,Timeline,71,102:2,,,,,,,conduct main survey,7/3 - 8/22,,,,,,,,,,,,,,,,,,,,,,,,,,,,,,,,,,,,,,,,,,
115,Block,Standard,71,,,,,,,,"Spring 
Petition full survey launch
Full writeup of ideology mismatch paper
Submit grassroots paper
NRF/SSK proposal submit",,,,,,,,,,,,,,,,,,,,,,,,,,,,,,,,,,,,,,,,,,,
116,Block,Standard,71,,,,,,,,"Summer 
Reboot VR papers
Revise affective polar paper
Submit affective polar paper",,,,,,,,,,,,,,,,,,,,,,,,,,,,,,,,,,,,,,,,,,,
117,Block,Standard,71,,,,,,,,"Fall/Winter 
Launch epistemic survey
VBM trust paper edit and submit
Resubmit affective polar paper
Revise and resubmit grassroots paper
Submit ideologies paper",,,,,,,,,,,,,,,,,,,,,,,,,,,,,,,,,,,,,,,,,,,
118,Interval,Timeline,71,102:4,,,,,,,"final analysis, wrap-up, submit",2/15 - 7/2,,,,,,,,,,,,,,,,,,,,,,,,,,,,,,,,,,,,,,,,,,
119,Interval,Timeline,71,102:4,,,,,,,2nd survey writeup,1/16 - 2/14,,,,,,,,,,,,,,,,,,,,,,,,,,,,,,,,,,,,,,,,,,
120,Interval,Timeline,71,102:3,,,,,,,Finish and submit,2/4 - 2/27,,,,,,,,,,,,,,,,,,,,,,,,,,,,,,,,,,,,,,,,,,
121,Interval,Timeline,71,102:1,,,,,,,data wrangling complete,5/29 - 8/26,,,,,,,,,,,,,,,,,,,,,,,,,,,,,,,,,,,,,,,,,,
122,Interval,Timeline,71,102:2,,,,,,,LLM? revise main survey,2/14 - 5/13,,,,,,,,,,,,,,,,,,,,,,,,,,,,,,,,,,,,,,,,,,
123,Block,Standard,71,,,,,,,,,,,,,,,,,,,,,,,,,,,,,,,,,,,,,,,,,,,,,,,,,,,
124,Block Timeline,Timeline,71,102:12,,,,,,,,,,,,,,,,,,,,,,,,,,,,,,,,,,,,,,,,,,,,,,,,,,
125,Block Timeline,Timeline,71,102:11,,,,,,,,,,,,,,,,,,,,,,,,,,,,,,,,,,,,,,,,,,,,,,,,,,
126,Interval,Timeline,71,102:12,,,,,,,survey setup and launch,6/12 - 11/22,,,,,,,,,,,,,,,,,,,,,,,,,,,,,,,,,,,,,,,,,,
127,Interval,Timeline,71,102:12,,,,,,,proposal + 10-10 apply,3/11 - 4/14,,,,,,,,,,,,,,,,,,,,,,,,,,,,,,,,,,,,,,,,,,
128,Interval,Timeline,71,102:12,,,,,,,analyze,11/24 - 12/31,,,,,,,,,,,,,,,,,,,,,,,,,,,,,,,,,,,,,,,,,,
129,Interval,Timeline,71,102:12,,,,,,,"SSK format, submit",4/15 - 5/24,,,,,,,,,,,,,,,,,,,,,,,,,,,,,,,,,,,,,,,,,,
130,Process,Flowchart Shapes/Containers,71,102:11,,,,,,,  ,,,,,,,,,,,,,,,,,,,,,,,,,,,,,,,,,,,,,,,,,,,
131,Process,Flowchart Shapes/Containers,71,102:10,,,,,,,  ,,,,,,,,,,,,,,,,,,,,,,,,,,,,,,,,,,,,,,,,,,,
132,Process,Flowchart Shapes/Containers,71,102:4,,,,,,,  ,,,,,,,,,,,,,,,,,,,,,,,,,,,,,,,,,,,,,,,,,,,
133,Process,Flowchart Shapes/Containers,71,102:1,,,,,,,  ,,,,,,,,,,,,,,,,,,,,,,,,,,,,,,,,,,,,,,,,,,,
134,Block,Standard,71,,,,,,,,Submitted,,,,,,,,,,,,,,,,,,,,,,,,,,,,,,,,,,,,,,,,,,,
135,Process,Flowchart Shapes/Containers,71,102:8,,,,,,,  ,,,,,,,,,,,,,,,,,,,,,,,,,,,,,,,,,,,,,,,,,,,
136,Process,Flowchart Shapes/Containers,71,102:9,,,,,,,  ,,,,,,,,,,,,,,,,,,,,,,,,,,,,,,,,,,,,,,,,,,,
137,DividerBlock,,71,102:7,,,,,,,,,,,,,,,,,,,,,,,,,,,,,,,,,,,,,,,,,,,,,,,,,,
138,Process,Flowchart Shapes/Containers,71,102:2,,,,,,,  ,,,,,,,,,,,,,,,,,,,,,,,,,,,,,,,,,,,,,,,,,,,
139,Process,Flowchart Shapes/Containers,71,102:5,,,,,,,  ,,,,,,,,,,,,,,,,,,,,,,,,,,,,,,,,,,,,,,,,,,,
140,Line,,71,,,,,None,None,,,,,,,,,,,,,,,,,,,,,,,,,,,,,,,,,,,,,,,,,,,,,
141,Group 1,,71,,,,,,,,,,,,,,,,,,,,,,,,,,,,,,,,,,,,,,,,,,,,,,,,,,,
142,Page,,,,,,,,,,2024 goals,,,,,,,,,,,,,,,,,,,,,,,,,,,,,,,,,,,,,,,,,,,
143,Process,Flowchart Shapes/Containers,142,233:1,,,,,,,  ,,,,,,,,,,,,,,,,,,,,,,,,,,,,,,,,,,,,,,,,,,,
144,Process,Flowchart Shapes/Containers,142,233:11,,,,,,,  ,,,,,,,,,,,,,,,,,,,,,,,,,,,,,,,,,,,,,,,,,,,
145,Block Timeline,Timeline,142,233:1,,,,,,,,,,,,,,,,,,,,,,,,,,,,,,,,,,,,,,,,,,,,,,,,,,
146,Interval,Timeline,142,233:1,,,,,,,R&R submit,1/1 - 3/9,,,,,,,,,,,,,,,,,,,,,,,,,,,,,,,,,,,,,,,,,,
147,Interval,Timeline,142,233:1,,,,,,,page proofing and OSF,3/30 - 5/2,,,,,,,,,,,,,,,,,,,,,,,,,,,,,,,,,,,,,,,,,,
148,Block Timeline,Timeline,142,,,,,,,,1/1,12/31,2/1,3/1,4/1,5/1,6/1,7/1,8/1,9/1,10/1,11/1,12/1,,,,,,,,,,,,,,,,,,,,,,,,,,,,,,,
149,Milestone,Timeline,142,,,,,,,,SPSA,1/11,,,,,,,,,,,,,,,,,,,,,,,,,,,,,,,,,,,,,,,,,,
150,Milestone,Timeline,142,,,,,,,,PolMeth,7/10,,,,,,,,,,,,,,,,,,,,,,,,,,,,,,,,,,,,,,,,,,
151,Milestone,Timeline,142,,,,,,,,APSA,9/5,,,,,,,,,,,,,,,,,,,,,,,,,,,,,,,,,,,,,,,,,,
152,Milestone,Timeline,142,,,,,,,,Status change: pregnancy!,2/7,,,,,,,,,,,,,,,,,,,,,,,,,,,,,,,,,,,,,,,,,,
153,Milestone,Timeline,142,,,,,,,,Baby due,10/17,,,,,,,,,,,,,,,,,,,,,,,,,,,,,,,,,,,,,,,,,,
154,Block,Standard,142,,,,,,,,2024 Research Goals,,,,,,,,,,,,,,,,,,,,,,,,,,,,,,,,,,,,,,,,,,,
155,Block,Standard,142,,,,,,,,"Silvia Kim  |  February 12, 2026",,,,,,,,,,,,,,,,,,,,,,,,,,,,,,,,,,,,,,,,,,,
156,Block,Standard,142,,,,,,,,"Winter 
CO VBM R&R submit
Finalize petitions proposal and submit to PolMeth
Submit NRF proposal",,,,,,,,,,,,,,,,,,,,,,,,,,,,,,,,,,,,,,,,,,,
157,Block Timeline,Timeline,142,233:3,,,,,,,,,,,,,,,,,,,,,,,,,,,,,,,,,,,,,,,,,,,,,,,,,,
158,Block Timeline,Timeline,142,233:5,,,,,,,,,,,,,,,,,,,,,,,,,,,,,,,,,,,,,,,,,,,,,,,,,,
159,Block Timeline,Timeline,142,233:7,,,,,,,,,,,,,,,,,,,,,,,,,,,,,,,,,,,,,,,,,,,,,,,,,,
160,Interval,Timeline,142,233:5,,,,,,,revision,3/15 - 5/3,,,,,,,,,,,,,,,,,,,,,,,,,,,,,,,,,,,,,,,,,,
161,Interval,Timeline,142,233:5,,,,,,,final revision,8/15 - 10/3,,,,,,,,,,,,,,,,,,,,,,,,,,,,,,,,,,,,,,,,,,
162,Interval,Timeline,142,233:5,,,,,,,submit,10/3 - 10/28,,,,,,,,,,,,,,,,,,,,,,,,,,,,,,,,,,,,,,,,,,
163,Interval,Timeline,142,233:3,,,,,,,lit review + submit,4/15 - 6/15,,,,,,,,,,,,,,,,,,,,,,,,,,,,,,,,,,,,,,,,,,
164,Block Timeline,Timeline,142,233:8,,,,,,,,,,,,,,,,,,,,,,,,,,,,,,,,,,,,,,,,,,,,,,,,,,
165,Interval,Timeline,142,233:8,,,,,,,chapters 1-3,7/2 - 8/24,,,,,,,,,,,,,,,,,,,,,,,,,,,,,,,,,,,,,,,,,,
166,Block Timeline,Timeline,142,233:11,,,,,,,,,,,,,,,,,,,,,,,,,,,,,,,,,,,,,,,,,,,,,,,,,,
167,Interval,Timeline,142,233:7,,,,,,,R&R at PA,5/29 - 7/26,,,,,,,,,,,,,,,,,,,,,,,,,,,,,,,,,,,,,,,,,,
168,Interval,Timeline,142,233:11,,,,,,,under review,1/1 - 2/8,,,,,,,,,,,,,,,,,,,,,,,,,,,,,,,,,,,,,,,,,,
169,Interval,Timeline,142,233:11,,,,,,,page proofs,2/8 - 3/9,,,,,,,,,,,,,,,,,,,,,,,,,,,,,,,,,,,,,,,,,,
170,Interval,Timeline,142,233:11,,,,,,,social media shoutout,3/9 - 4/7,,,,,,,,,,,,,,,,,,,,,,,,,,,,,,,,,,,,,,,,,,
171,Interval,Timeline,142,233:7,,,,,,,package coding,4/13 - 5/29,,,,,,,,,,,,,,,,,,,,,,,,,,,,,,,,,,,,,,,,,,
172,Block Timeline,Timeline,142,233:12,,,,,,,,,,,,,,,,,,,,,,,,,,,,,,,,,,,,,,,,,,,,,,,,,,
173,Interval,Timeline,142,233:7,,,,,,,revision & submission,3/15 - 4/15,,,,,,,,,,,,,,,,,,,,,,,,,,,,,,,,,,,,,,,,,,
174,Interval,Timeline,142,233:8,,,,,,,oh boy I don't know if I can do it this year!,8/30 - 11/27,,,,,,,,,,,,,,,,,,,,,,,,,,,,,,,,,,,,,,,,,,
175,Interval,Timeline,142,233:8,,,,,,,chapter outlines,1/1 - 2/13,,,,,,,,,,,,,,,,,,,,,,,,,,,,,,,,,,,,,,,,,,
176,Block Timeline,Timeline,142,233:4,,,,,,,,,,,,,,,,,,,,,,,,,,,,,,,,,,,,,,,,,,,,,,,,,,
177,Interval,Timeline,142,233:4,,,,,,,revision,5/18 - 6/12,,,,,,,,,,,,,,,,,,,,,,,,,,,,,,,,,,,,,,,,,,
178,Block Timeline,Timeline,142,233:6,,,,,,,,,,,,,,,,,,,,,,,,,,,,,,,,,,,,,,,,,,,,,,,,,,
179,Interval,Timeline,142,233:6,,,,,,,"affective writeup,  SNU-Princeton",6/7 - 7/6,,,,,,,,,,,,,,,,,,,,,,,,,,,,,,,,,,,,,,,,,,
180,Interval,Timeline,142,233:4,,,,,,,submit,6/12 - 6/28,,,,,,,,,,,,,,,,,,,,,,,,,,,,,,,,,,,,,,,,,,
181,Block Timeline,Timeline,142,233:9,,,,,,,,,,,,,,,,,,,,,,,,,,,,,,,,,,,,,,,,,,,,,,,,,,
182,Interval,Timeline,142,233:4,,,,,,,Analyze CES extra data,4/18 - 5/19,,,,,,,,,,,,,,,,,,,,,,,,,,,,,,,,,,,,,,,,,,
183,Interval,Timeline,142,233:6,,,,,,,affective (SK) vs. partisan (YA) division,4/19 - 6/8,,,,,,,,,,,,,,,,,,,,,,,,,,,,,,,,,,,,,,,,,,
184,Block Timeline,Timeline,142,233:10,,,,,,,,,,,,,,,,,,,,,,,,,,,,,,,,,,,,,,,,,,,,,,,,,,
185,Block Timeline,Timeline,142,233:2,,,,,,,,,,,,,,,,,,,,,,,,,,,,,,,,,,,,,,,,,,,,,,,,,,
186,Interval,Timeline,142,233:6,,,,,,,APSA,8/22 - 9/20,,,,,,,,,,,,,,,,,,,,,,,,,,,,,,,,,,,,,,,,,,
187,Interval,Timeline,142,233:10,,,,,,,wrap up coding,2/10 - 3/16,,,,,,,,,,,,,,,,,,,,,,,,,,,,,,,,,,,,,,,,,,
188,Interval,Timeline,142,233:2,,,,,,,R&R submit,1/24 - 4/22,,,,,,,,,,,,,,,,,,,,,,,,,,,,,,,,,,,,,,,,,,
189,Interval,Timeline,142,233:2,,,,,,,"replication, page proofing, OSF",6/14 - 8/30,,,,,,,,,,,,,,,,,,,,,,,,,,,,,,,,,,,,,,,,,,
190,Interval,Timeline,142,233:10,,,,,,,submit,11/20 - 12/31,,,,,,,,,,,,,,,,,,,,,,,,,,,,,,,,,,,,,,,,,,
191,Interval,Timeline,142,233:10,,,,,,,writing,9/18 - 11/15,,,,,,,,,,,,,,,,,,,,,,,,,,,,,,,,,,,,,,,,,,
192,Interval,Timeline,142,233:10,,,,,,,wrap up coding,7/2 - 8/17,,,,,,,,,,,,,,,,,,,,,,,,,,,,,,,,,,,,,,,,,,
193,Interval,Timeline,142,233:10,,,,,,,wrap up coding,4/19 - 5/23,,,,,,,,,,,,,,,,,,,,,,,,,,,,,,,,,,,,,,,,,,
194,Interval,Timeline,142,233:10,,,,,,,SPSA presentation,1/1 - 2/8,,,,,,,,,,,,,,,,,,,,,,,,,,,,,,,,,,,,,,,,,,
195,Block,Standard,142,,,,,,,,,,,,,,,,,,,,,,,,,,,,,,,,,,,,,,,,,,,,,,,,,,,
196,Block,Standard,142,,,,,,,,Accepted for publication!,,,,,,,,,,,,,,,,,,,,,,,,,,,,,,,,,,,,,,,,,,,
197,Block,Standard,142,,,,,,,,,,,,,,,,,,,,,,,,,,,,,,,,,,,,,,,,,,,,,,,,,,,
198,Block,Standard,142,,,,,,,,"Ouch, need to pick up
But realistically 
not this year",,,,,,,,,,,,,,,,,,,,,,,,,,,,,,,,,,,,,,,,,,,
199,Process,Flowchart Shapes/Containers,142,233:12,,,,,,,  ,,,,,,,,,,,,,,,,,,,,,,,,,,,,,,,,,,,,,,,,,,,
200,Block,Standard,142,,,,,,,,"Spring 
WinRed R&R submit
Ranking methods package
Ranking methods submit",,,,,,,,,,,,,,,,,,,,,,,,,,,,,,,,,,,,,,,,,,,
201,Block,Standard,142,,,,,,,,"Summer 
Ranking R&R submit
WinRed replication
Keep writing data book
Vote methods coding
VBM trust submit
petitions writing",,,,,,,,,,,,,,,,,,,,,,,,,,,,,,,,,,,,,,,,,,,
202,Block,Standard,142,,,,,,,,"Fall/Winter 
Vote methods first draft
Ideologies submit
Grassroots submit
solicitRdesc submit
Next steps for affective polarization paper?",,,,,,,,,,,,,,,,,,,,,,,,,,,,,,,,,,,,,,,,,,,
203,Block Timeline,Timeline,142,233:13,,,,,,,,,,,,,,,,,,,,,,,,,,,,,,,,,,,,,,,,,,,,,,,,,,
204,Block Timeline,Timeline,142,233:14,,,,,,,,,,,,,,,,,,,,,,,,,,,,,,,,,,,,,,,,,,,,,,,,,,
205,Interval,Timeline,142,233:13,,,,,,,JEARP & book chapter edit,2/1 - 3/10,,,,,,,,,,,,,,,,,,,,,,,,,,,,,,,,,,,,,,,,,,
206,Interval,Timeline,142,233:14,,,,,,,data collection,1/23 - 2/18,,,,,,,,,,,,,,,,,,,,,,,,,,,,,,,,,,,,,,,,,,
207,Interval,Timeline,142,233:14,,,,,,,PolMeth proposal,2/18 - 3/16,,,,,,,,,,,,,,,,,,,,,,,,,,,,,,,,,,,,,,,,,,
208,Interval,Timeline,142,233:14,,,,,,,KoNLP coding,6/12 - 7/8,,,,,,,,,,,,,,,,,,,,,,,,,,,,,,,,,,,,,,,,,,
209,Interval,Timeline,142,233:14,,,,,,,more scraping,8/4 - 9/28,,,,,,,,,,,,,,,,,,,,,,,,,,,,,,,,,,,,,,,,,,
210,Process,Flowchart Shapes/Containers,142,233:9,,,,,,,  ,,,,,,,,,,,,,,,,,,,,,,,,,,,,,,,,,,,,,,,,,,,
211,Block,Standard,142,,,,,,,,"Uninitialized
Start in fall/winter",,,,,,,,,,,,,,,,,,,,,,,,,,,,,,,,,,,,,,,,,,,
212,Process,Flowchart Shapes/Containers,142,233:13,,,,,,,  ,,,,,,,,,,,,,,,,,,,,,,,,,,,,,,,,,,,,,,,,,,,
213,Block,Standard,142,,,,,,,,Accepted for publication!,,,,,,,,,,,,,,,,,,,,,,,,,,,,,,,,,,,,,,,,,,,
214,Block,Standard,142,,,,,,,,Waiting for MEDSL feedback,,,,,,,,,,,,,,,,,,,,,,,,,,,,,,,,,,,,,,,,,,,
215,Block,Standard,142,,,,,,,,Accepted for publication!,,,,,,,,,,,,,,,,,,,,,,,,,,,,,,,,,,,,,,,,,,,
216,Block Timeline,Timeline,142,233:15,,,,,,,,,,,,,,,,,,,,,,,,,,,,,,,,,,,,,,,,,,,,,,,,,,
217,Interval,Timeline,142,233:15,,,,,,,setup + coding,8/8 - 9/3,,,,,,,,,,,,,,,,,,,,,,,,,,,,,,,,,,,,,,,,,,
218,DividerBlock,,142,233:8,,,,,,,,,,,,,,,,,,,,,,,,,,,,,,,,,,,,,,,,,,,,,,,,,,
219,Process,Flowchart Shapes/Containers,142,233:3,,,,,,,  ,,,,,,,,,,,,,,,,,,,,,,,,,,,,,,,,,,,,,,,,,,,
220,Block,Standard,142,,,,,,,,low energy project ... or maybe not,,,,,,,,,,,,,,,,,,,,,,,,,,,,,,,,,,,,,,,,,,,
221,Block,Standard,142,,251,,,,,,01,,,,,,,,,,,,,,,,,,,,,,,,,,,,,,,,,,,,,,,,,,,
222,Block,Standard,142,,251,,,,,,02,,,,,,,,,,,,,,,,,,,,,,,,,,,,,,,,,,,,,,,,,,,
223,Block,Standard,142,,251,,,,,,03,,,,,,,,,,,,,,,,,,,,,,,,,,,,,,,,,,,,,,,,,,,
224,Block,Standard,142,,251,,,,,,04,,,,,,,,,,,,,,,,,,,,,,,,,,,,,,,,,,,,,,,,,,,
225,Block,Standard,142,,251,,,,,,05,,,,,,,,,,,,,,,,,,,,,,,,,,,,,,,,,,,,,,,,,,,
226,Block,Standard,142,,251,,,,,,06,,,,,,,,,,,,,,,,,,,,,,,,,,,,,,,,,,,,,,,,,,,
227,Block,Standard,142,,251,,,,,,07,,,,,,,,,,,,,,,,,,,,,,,,,,,,,,,,,,,,,,,,,,,
228,Block,Standard,142,,251,,,,,,08,,,,,,,,,,,,,,,,,,,,,,,,,,,,,,,,,,,,,,,,,,,
229,Block,Standard,142,,251,,,,,,09,,,,,,,,,,,,,,,,,,,,,,,,,,,,,,,,,,,,,,,,,,,
230,Block,Standard,142,,251,,,,,,10,,,,,,,,,,,,,,,,,,,,,,,,,,,,,,,,,,,,,,,,,,,
231,Block,Standard,142,,251,,,,,,11,,,,,,,,,,,,,,,,,,,,,,,,,,,,,,,,,,,,,,,,,,,
232,Block,Standard,142,,251,,,,,,12,,,,,,,,,,,,,,,,,,,,,,,,,,,,,,,,,,,,,,,,,,,
233,Swim lane,Flowchart Shapes/Containers,142,,251,,,,,,,solicitR WinRed,CO VBM (AB),solicitR desc,grassroot funding,VBM trust,ranking sub.,random rankings,data trust book,VR attrition,vote methods,textCF,outsiders and small donors,white paper extension,petitions,ideology,,,,,,,,,,,,,,,,,,,,,,,,,,,,
234,Block,Standard,142,,251,,,,,,13,,,,,,,,,,,,,,,,,,,,,,,,,,,,,,,,,,,,,,,,,,,
235,Block,Standard,142,,251,,,,,,14,,,,,,,,,,,,,,,,,,,,,,,,,,,,,,,,,,,,,,,,,,,
236,Block,Standard,142,,251,,,,,,15,,,,,,,,,,,,,,,,,,,,,,,,,,,,,,,,,,,,,,,,,,,
237,Interval,Timeline,142,233:14,,,,,,,analysis,10/3 - 11/27,,,,,,,,,,,,,,,,,,,,,,,,,,,,,,,,,,,,,,,,,,
238,Interval,Timeline,142,233:15,,,,,,,writing,9/9 - 12/7,,,,,,,,,,,,,,,,,,,,,,,,,,,,,,,,,,,,,,,,,,
239,Block,Standard,142,,,,,,,,"Ouch, need to pick up",,,,,,,,,,,,,,,,,,,,,,,,,,,,,,,,,,,,,,,,,,,
240,Process,Flowchart Shapes/Containers,142,233:4,,,,,,,  ,,,,,,,,,,,,,,,,,,,,,,,,,,,,,,,,,,,,,,,,,,,
241,Block,Standard,142,,,,,,,,Wait until JOP replication + PA R&R is over...,,,,,,,,,,,,,,,,,,,,,,,,,,,,,,,,,,,,,,,,,,,
242,Block,Standard,142,,,,,,,,Wait until JOP replication + PA R&R is over...,,,,,,,,,,,,,,,,,,,,,,,,,,,,,,,,,,,,,,,,,,,
243,Process,Flowchart Shapes/Containers,142,233:6,,,,,,,  ,,,,,,,,,,,,,,,,,,,,,,,,,,,,,,,,,,,,,,,,,,,
244,Block,Standard,142,,,,,,,,New survey? Not sure what to do.,,,,,,,,,,,,,,,,,,,,,,,,,,,,,,,,,,,,,,,,,,,
245,Process,Flowchart Shapes/Containers,142,233:7,,,,,,,  ,,,,,,,,,,,,,,,,,,,,,,,,,,,,,,,,,,,,,,,,,,,
246,Block,Standard,142,,,,,,,,Accepted for publication!,,,,,,,,,,,,,,,,,,,,,,,,,,,,,,,,,,,,,,,,,,,
247,Block,Standard,142,,,,,,,,GenAI opinion proj failed! Switching to a new one... relatively low energy project,,,,,,,,,,,,,,,,,,,,,,,,,,,,,,,,,,,,,,,,,,,
248,Block,Standard,142,,,,,,,,Need to finish before Mac is returned,,,,,,,,,,,,,,,,,,,,,,,,,,,,,,,,,,,,,,,,,,,
249,Process,Flowchart Shapes/Containers,142,233:2,,,,,,,  ,,,,,,,,,,,,,,,,,,,,,,,,,,,,,,,,,,,,,,,,,,,
250,Line,,142,,,,,None,None,,,,,,,,,,,,,,,,,,,,,,,,,,,,,,,,,,,,,,,,,,,,,
251,Group 1,,142,,,,,,,,,,,,,,,,,,,,,,,,,,,,,,,,,,,,,,,,,,,,,,,,,,,
252,Page,,,,,,,,,,2024 Jan,,,,,,,,,,,,,,,,,,,,,,,,,,,,,,,,,,,,,,,,,,,
253,Table,Tables,252,,,,,,,,Jan 2024 Resolution 1: Academic Writing,Sun,Mon,Tue,Wed,Thu,Fri,Sat,,1,2,3,4,5,6,7,8,9,10,11,12,13,14,15,16,17,18,19,20,21,22,23,24,25,26,27,28,29,30,31,,,,
254,Sticky note,Sticky Notes,252,,,,,,,,,,,,,,,,,,,,,,,,,,,,,,,,,,,,,,,,,,,,,,,,,,,
255,Sticky note,Sticky Notes,252,,,,,,,,,,,,,,,,,,,,,,,,,,,,,,,,,,,,,,,,,,,,,,,,,,,
256,Table,Tables,252,,,,,,,,Jan 2024 Resolution 2: Workout,Sun,Mon,Tue,Wed,Thu,Fri,Sat,,1,2,3,4,5,6,7,8,9,10,11,12,13,14,15,16,17,18,19,20,21,22,23,24,25,26,27,28,29,30,31,,,,
257,Sticky note,Sticky Notes,252,,,,,,,,,,,,,,,,,,,,,,,,,,,,,,,,,,,,,,,,,,,,,,,,,,,
258,Sticky note,Sticky Notes,252,,,,,,,,,,,,,,,,,,,,,,,,,,,,,,,,,,,,,,,,,,,,,,,,,,,
259,Sticky note,Sticky Notes,252,,,,,,,,,,,,,,,,,,,,,,,,,,,,,,,,,,,,,,,,,,,,,,,,,,,
260,Sticky note,Sticky Notes,252,,,,,,,,,,,,,,,,,,,,,,,,,,,,,,,,,,,,,,,,,,,,,,,,,,,
261,Sticky note,Sticky Notes,252,,,,,,,,,,,,,,,,,,,,,,,,,,,,,,,,,,,,,,,,,,,,,,,,,,,
262,Sticky note,Sticky Notes,252,,,,,,,,,,,,,,,,,,,,,,,,,,,,,,,,,,,,,,,,,,,,,,,,,,,
263,Sticky note,Sticky Notes,252,,,,,,,,,,,,,,,,,,,,,,,,,,,,,,,,,,,,,,,,,,,,,,,,,,,
264,Sticky note,Sticky Notes,252,,,,,,,,,,,,,,,,,,,,,,,,,,,,,,,,,,,,,,,,,,,,,,,,,,,
265,Sticky note,Sticky Notes,252,,,,,,,,,,,,,,,,,,,,,,,,,,,,,,,,,,,,,,,,,,,,,,,,,,,
266,Sticky note,Sticky Notes,252,,,,,,,,,,,,,,,,,,,,,,,,,,,,,,,,,,,,,,,,,,,,,,,,,,,
267,Sticky note,Sticky Notes,252,,,,,,,,,,,,,,,,,,,,,,,,,,,,,,,,,,,,,,,,,,,,,,,,,,,
268,Sticky note,Sticky Notes,252,,,,,,,,,,,,,,,,,,,,,,,,,,,,,,,,,,,,,,,,,,,,,,,,,,,
269,Sticky note,Sticky Notes,252,,,,,,,,,,,,,,,,,,,,,,,,,,,,,,,,,,,,,,,,,,,,,,,,,,,
270,Sticky note,Sticky Notes,252,,,,,,,,,,,,,,,,,,,,,,,,,,,,,,,,,,,,,,,,,,,,,,,,,,,
271,Sticky note,Sticky Notes,252,,,,,,,,,,,,,,,,,,,,,,,,,,,,,,,,,,,,,,,,,,,,,,,,,,,
272,Table,Tables,252,,,,,,,,Jan 2024 Resolution 3: Duolingo,Sun,Mon,Tue,Wed,Thu,Fri,Sat,,1,2,3,4,5,6,7,8,9,10,11,12,13,14,15,16,17,18,19,20,21,22,23,24,25,26,27,28,29,30,31,,,,
273,Sticky note,Sticky Notes,252,,,,,,,,,,,,,,,,,,,,,,,,,,,,,,,,,,,,,,,,,,,,,,,,,,,
274,Sticky note,Sticky Notes,252,,,,,,,,,,,,,,,,,,,,,,,,,,,,,,,,,,,,,,,,,,,,,,,,,,,
275,Sticky note,Sticky Notes,252,,,,,,,,,,,,,,,,,,,,,,,,,,,,,,,,,,,,,,,,,,,,,,,,,,,
276,Sticky note,Sticky Notes,252,,,,,,,,,,,,,,,,,,,,,,,,,,,,,,,,,,,,,,,,,,,,,,,,,,,
277,Sticky note,Sticky Notes,252,,,,,,,,,,,,,,,,,,,,,,,,,,,,,,,,,,,,,,,,,,,,,,,,,,,
278,Sticky note,Sticky Notes,252,,,,,,,,,,,,,,,,,,,,,,,,,,,,,,,,,,,,,,,,,,,,,,,,,,,
279,Sticky note,Sticky Notes,252,,,,,,,,,,,,,,,,,,,,,,,,,,,,,,,,,,,,,,,,,,,,,,,,,,,
280,Sticky note,Sticky Notes,252,,,,,,,,,,,,,,,,,,,,,,,,,,,,,,,,,,,,,,,,,,,,,,,,,,,
281,Sticky note,Sticky Notes,252,,,,,,,,,,,,,,,,,,,,,,,,,,,,,,,,,,,,,,,,,,,,,,,,,,,
282,Sticky note,Sticky Notes,252,,,,,,,,,,,,,,,,,,,,,,,,,,,,,,,,,,,,,,,,,,,,,,,,,,,
283,Block Timeline,Timeline,252,,,,,,,,,,,,,,,,,,,,,,,,,,,,,,,,,,,,,,,,,,,,,,,,,,,
284,Block Timeline,Timeline,252,,,,,,,,,,,,,,,,,,,,,,,,,,,,,,,,,,,,,,,,,,,,,,,,,,,
285,Interval,Timeline,252,,,,,,,,vote method: SPSA presentation prep,1/1 - 1/5,,,,,,,,,,,,,,,,,,,,,,,,,,,,,,,,,,,,,,,,,,
286,Interval,Timeline,252,,,,,,,,ranking coding,1/5 - 1/7,,,,,,,,,,,,,,,,,,,,,,,,,,,,,,,,,,,,,,,,,,
287,Interval,Timeline,252,,,,,,,,SPSA 2024,1/10 - 1/14,,,,,,,,,,,,,,,,,,,,,,,,,,,,,,,,,,,,,,,,,,
288,Interval,Timeline,252,,,,,,,,ranking coding,1/7 - 1/10,,,,,,,,,,,,,,,,,,,,,,,,,,,,,,,,,,,,,,,,,,
289,Block Timeline,Timeline,252,,,,,,,,,,,,,,,,,,,,,,,,,,,,,,,,,,,,,,,,,,,,,,,,,,,
290,Block Timeline,Timeline,252,,,,,,,,,,,,,,,,,,,,,,,,,,,,,,,,,,,,,,,,,,,,,,,,,,,
291,Interval,Timeline,252,,,,,,,,SPSA 2024,1/14 - 1/17,,,,,,,,,,,,,,,,,,,,,,,,,,,,,,,,,,,,,,,,,,
292,Interval,Timeline,252,,,,,,,,Miscellaneous,1/17 - 1/21,,,,,,,,,,,,,,,,,,,,,,,,,,,,,,,,,,,,,,,,,,
293,Block Timeline,Timeline,252,,,,,,,,,,,,,,,,,,,,,,,,,,,,,,,,,,,,,,,,,,,,,,,,,,,
294,Interval,Timeline,252,,,,,,,,WinRed R&R,1/21 - 1/28,,,,,,,,,,,,,,,,,,,,,,,,,,,,,,,,,,,,,,,,,,
295,Sticky note,Sticky Notes,252,,,,,,,,,,,,,,,,,,,,,,,,,,,,,,,,,,,,,,,,,,,,,,,,,,,
296,Interval,Timeline,252,,,,,,,,CO VBM R&R,1/28 - 2/1,,,,,,,,,,,,,,,,,,,,,,,,,,,,,,,,,,,,,,,,,,
297,Sticky note,Sticky Notes,252,,,,,,,,,,,,,,,,,,,,,,,,,,,,,,,,,,,,,,,,,,,,,,,,,,,
298,Sticky note,Sticky Notes,252,,,,,,,,,,,,,,,,,,,,,,,,,,,,,,,,,,,,,,,,,,,,,,,,,,,
299,Sticky note,Sticky Notes,252,,,,,,,,,,,,,,,,,,,,,,,,,,,,,,,,,,,,,,,,,,,,,,,,,,,
300,Sticky note,Sticky Notes,252,,,,,,,,,,,,,,,,,,,,,,,,,,,,,,,,,,,,,,,,,,,,,,,,,,,
301,Sticky note,Sticky Notes,252,,,,,,,,,,,,,,,,,,,,,,,,,,,,,,,,,,,,,,,,,,,,,,,,,,,
302,Sticky note,Sticky Notes,252,,,,,,,,,,,,,,,,,,,,,,,,,,,,,,,,,,,,,,,,,,,,,,,,,,,
303,Sticky note,Sticky Notes,252,,,,,,,,,,,,,,,,,,,,,,,,,,,,,,,,,,,,,,,,,,,,,,,,,,,
304,Sticky note,Sticky Notes,252,,,,,,,,,,,,,,,,,,,,,,,,,,,,,,,,,,,,,,,,,,,,,,,,,,,
305,Sticky note,Sticky Notes,252,,,,,,,,,,,,,,,,,,,,,,,,,,,,,,,,,,,,,,,,,,,,,,,,,,,
306,Sticky note,Sticky Notes,252,,,,,,,,,,,,,,,,,,,,,,,,,,,,,,,,,,,,,,,,,,,,,,,,,,,
307,Sticky note,Sticky Notes,252,,,,,,,,,,,,,,,,,,,,,,,,,,,,,,,,,,,,,,,,,,,,,,,,,,,
308,Sticky note,Sticky Notes,252,,,,,,,,,,,,,,,,,,,,,,,,,,,,,,,,,,,,,,,,,,,,,,,,,,,
309,Sticky note,Sticky Notes,252,,,,,,,,,,,,,,,,,,,,,,,,,,,,,,,,,,,,,,,,,,,,,,,,,,,
310,Sticky note,Sticky Notes,252,,,,,,,,,,,,,,,,,,,,,,,,,,,,,,,,,,,,,,,,,,,,,,,,,,,
311,Sticky note,Sticky Notes,252,,,,,,,,,,,,,,,,,,,,,,,,,,,,,,,,,,,,,,,,,,,,,,,,,,,
312,Sticky note,Sticky Notes,252,,,,,,,,,,,,,,,,,,,,,,,,,,,,,,,,,,,,,,,,,,,,,,,,,,,
313,Sticky note,Sticky Notes,252,,,,,,,,,,,,,,,,,,,,,,,,,,,,,,,,,,,,,,,,,,,,,,,,,,,
314,Sticky note,Sticky Notes,252,,,,,,,,,,,,,,,,,,,,,,,,,,,,,,,,,,,,,,,,,,,,,,,,,,,
315,Sticky note,Sticky Notes,252,,,,,,,,,,,,,,,,,,,,,,,,,,,,,,,,,,,,,,,,,,,,,,,,,,,
316,Sticky note,Sticky Notes,252,,,,,,,,,,,,,,,,,,,,,,,,,,,,,,,,,,,,,,,,,,,,,,,,,,,
317,Sticky note,Sticky Notes,252,,,,,,,,,,,,,,,,,,,,,,,,,,,,,,,,,,,,,,,,,,,,,,,,,,,
318,Sticky note,Sticky Notes,252,,,,,,,,,,,,,,,,,,,,,,,,,,,,,,,,,,,,,,,,,,,,,,,,,,,
319,Sticky note,Sticky Notes,252,,,,,,,,,,,,,,,,,,,,,,,,,,,,,,,,,,,,,,,,,,,,,,,,,,,
320,Sticky note,Sticky Notes,252,,,,,,,,,,,,,,,,,,,,,,,,,,,,,,,,,,,,,,,,,,,,,,,,,,,
321,Sticky note,Sticky Notes,252,,,,,,,,,,,,,,,,,,,,,,,,,,,,,,,,,,,,,,,,,,,,,,,,,,,
322,Sticky note,Sticky Notes,252,,,,,,,,,,,,,,,,,,,,,,,,,,,,,,,,,,,,,,,,,,,,,,,,,,,
323,Sticky note,Sticky Notes,252,,,,,,,,,,,,,,,,,,,,,,,,,,,,,,,,,,,,,,,,,,,,,,,,,,,
324,Sticky note,Sticky Notes,252,,,,,,,,,,,,,,,,,,,,,,,,,,,,,,,,,,,,,,,,,,,,,,,,,,,
325,Sticky note,Sticky Notes,252,,,,,,,,,,,,,,,,,,,,,,,,,,,,,,,,,,,,,,,,,,,,,,,,,,,
326,Sticky note,Sticky Notes,252,,,,,,,,863 day streak!,,,,,,,,,,,,,,,,,,,,,,,,,,,,,,,,,,,,,,,,,,,
327,Sticky note,Sticky Notes,252,,,,,,,,,,,,,,,,,,,,,,,,,,,,,,,,,,,,,,,,,,,,,,,,,,,
328,Sticky note,Sticky Notes,252,,,,,,,,,,,,,,,,,,,,,,,,,,,,,,,,,,,,,,,,,,,,,,,,,,,
329,Sticky note,Sticky Notes,252,,,,,,,,SPSA 2024,,,,,,,,,,,,,,,,,,,,,,,,,,,,,,,,,,,,,,,,,,,
330,Sticky note,Sticky Notes,252,,,,,,,,Rest and recover,,,,,,,,,,,,,,,,,,,,,,,,,,,,,,,,,,,,,,,,,,,
331,Sticky note,Sticky Notes,252,,,,,,,,"Public Agenda proposal +2,128 words",,,,,,,,,,,,,,,,,,,,,,,,,,,,,,,,,,,,,,,,,,,
332,Sticky note,Sticky Notes,252,,,,,,,,House cleanup (Seoul),,,,,,,,,,,,,,,,,,,,,,,,,,,,,,,,,,,,,,,,,,,
333,Sticky note,Sticky Notes,252,,,,,,,,House cleanup (Seoul),,,,,,,,,,,,,,,,,,,,,,,,,,,,,,,,,,,,,,,,,,,
334,Sticky note,Sticky Notes,252,,,,,,,,,,,,,,,,,,,,,,,,,,,,,,,,,,,,,,,,,,,,,,,,,,,
335,Sticky note,Sticky Notes,252,,,,,,,,,,,,,,,,,,,,,,,,,,,,,,,,,,,,,,,,,,,,,,,,,,,
336,Sticky note,Sticky Notes,252,,,,,,,,,,,,,,,,,,,,,,,,,,,,,,,,,,,,,,,,,,,,,,,,,,,
337,Sticky note,Sticky Notes,252,,,,,,,,,,,,,,,,,,,,,,,,,,,,,,,,,,,,,,,,,,,,,,,,,,,
338,Sticky note,Sticky Notes,252,,,,,,,,Rest and recover,,,,,,,,,,,,,,,,,,,,,,,,,,,,,,,,,,,,,,,,,,,
339,Sticky note,Sticky Notes,252,,,,,,,,SPSA 2024,,,,,,,,,,,,,,,,,,,,,,,,,,,,,,,,,,,,,,,,,,,
340,Sticky note,Sticky Notes,252,,,,,,,,SPSA 2024,,,,,,,,,,,,,,,,,,,,,,,,,,,,,,,,,,,,,,,,,,,
341,Sticky note,Sticky Notes,252,,,,,,,,SPSA 2024,,,,,,,,,,,,,,,,,,,,,,,,,,,,,,,,,,,,,,,,,,,
342,Sticky note,Sticky Notes,252,,,,,,,,,,,,,,,,,,,,,,,,,,,,,,,,,,,,,,,,,,,,,,,,,,,
343,Sticky note,Sticky Notes,252,,,,,,,,10 min down dog yoga,,,,,,,,,,,,,,,,,,,,,,,,,,,,,,,,,,,,,,,,,,,
344,Sticky note,Sticky Notes,252,,,,,,,,,,,,,,,,,,,,,,,,,,,,,,,,,,,,,,,,,,,,,,,,,,,
345,Sticky note,Sticky Notes,252,,,,,,,,862 day streak!,,,,,,,,,,,,,,,,,,,,,,,,,,,,,,,,,,,,,,,,,,,
346,Sticky note,Sticky Notes,252,,,,,,,,Hyun Min and Care visiting Seoul,,,,,,,,,,,,,,,,,,,,,,,,,,,,,,,,,,,,,,,,,,,
347,Sticky note,Sticky Notes,252,,,,,,,,"ranking abstracts edit, APSA submit",,,,,,,,,,,,,,,,,,,,,,,,,,,,,,,,,,,,,,,,,,,
348,Sticky note,Sticky Notes,252,,,,,,,,Rest and recover,,,,,,,,,,,,,,,,,,,,,,,,,,,,,,,,,,,,,,,,,,,
349,Sticky note,Sticky Notes,252,,,,,,,,,,,,,,,,,,,,,,,,,,,,,,,,,,,,,,,,,,,,,,,,,,,
350,Sticky note,Sticky Notes,252,,,,,,,,,,,,,,,,,,,,,,,,,,,,,,,,,,,,,,,,,,,,,,,,,,,
351,Sticky note,Sticky Notes,252,,,,,,,,ranking abstracts +366 words,,,,,,,,,,,,,,,,,,,,,,,,,,,,,,,,,,,,,,,,,,,
352,Sticky note,Sticky Notes,252,,,,,,,,,,,,,,,,,,,,,,,,,,,,,,,,,,,,,,,,,,,,,,,,,,,
353,Sticky note,Sticky Notes,252,,,,,,,,,,,,,,,,,,,,,,,,,,,,,,,,,,,,,,,,,,,,,,,,,,,
354,Sticky note,Sticky Notes,252,,,,,,,,SPSA 2024,,,,,,,,,,,,,,,,,,,,,,,,,,,,,,,,,,,,,,,,,,,
355,Sticky note,Sticky Notes,252,,,,,,,,APSA proposal submit,,,,,,,,,,,,,,,,,,,,,,,,,,,,,,,,,,,,,,,,,,,
356,Sticky note,Sticky Notes,252,,,,,,,,POBE review PRQ review,,,,,,,,,,,,,,,,,,,,,,,,,,,,,,,,,,,,,,,,,,,
357,Sticky note,Sticky Notes,252,,,,,,,,SPSA 2024,,,,,,,,,,,,,,,,,,,,,,,,,,,,,,,,,,,,,,,,,,,
358,Sticky note,Sticky Notes,252,,,,,,,,Spring syllabi prep,,,,,,,,,,,,,,,,,,,,,,,,,,,,,,,,,,,,,,,,,,,
359,Sticky note,Sticky Notes,252,,,,,,,,data trust ch. 6-7 +957 words,,,,,,,,,,,,,,,,,,,,,,,,,,,,,,,,,,,,,,,,,,,
360,Sticky note,Sticky Notes,252,,,,,,,,녠SPSA prep,,,,,,,,,,,,,,,,,,,,,,,,,,,,,,,,,,,,,,,,,,,
361,Sticky note,Sticky Notes,252,,,,,,,,"data trust ch. 2-3 +1,296 words",,,,,,,,,,,,,,,,,,,,,,,,,,,,,,,,,,,,,,,,,,,